{
  "timestamp": "2026-07-06 03:29:12",
  "iterations": 3,
  "phase4_mean_ms": 0.05211333239761492,
  "phase4_p95_ms": 0.10695000091800459,
  "phase5_mean_ms": 2942.267399999158,
  "phase5_p95_ms": 7312.045110009785,
  "status": "NEEDS_OPTIMIZATION"
}