{
  "timestamp": "2026-07-03T16:11:47.238508",
  "k": 5,
  "num_queries": 36,
  "modes": [
    "keyword",
    "bm25"
  ],
  "results": [
    {
      "mode": "keyword",
      "aggregate": {
        "Hit@5": 0.3888888888888889,
        "Recall@5": 0.2916666666666667,
        "Precision@5": 0.23703703703703705,
        "MRR": 0.3263888888888889,
        "nDCG@5": 0.2727991299747059
      },
      "by_lang_ndcg": {
        "en": 0.17923857697393983,
        "es": 0.27687738730554695,
        "ru": 0.4598603945740938
      },
      "by_category_ndcg": {
        "academic": 0.0,
        "admin": 0.47862819246022575,
        "health": 0.1289509357448472,
        "housing": 0.25,
        "language": 0.5565735963827292,
        "migration": 0.23298996479592252,
        "visa": 0.24525887710618335
      },
      "latency_ms": 7.0
    },
    {
      "mode": "bm25",
      "aggregate": {
        "Hit@5": 0.6944444444444444,
        "Recall@5": 0.6666666666666666,
        "Precision@5": 0.2777777777777778,
        "MRR": 0.5462962962962963,
        "nDCG@5": 0.5575816181291392
      },
      "by_lang_ndcg": {
        "en": 0.503651997990405,
        "es": 0.5052325861559642,
        "ru": 0.9799301972870469
      },
      "by_category_ndcg": {
        "academic": 0.10515495892857625,
        "admin": 0.6453975086865713,
        "health": 0.9323120348287457,
        "housing": 0.75,
        "language": 0.9032867981913646,
        "migration": 0.29196732987886076,
        "visa": 0.6940742663735666
      },
      "latency_ms": 7.0
    }
  ]
}